iter	RMSE
0	76774.22696
200	32003.1427
400	22258.04097
600	18710.64024
800	16784.64924
1000	15552.80257
1200	14268.10743
1400	13054.98924
1600	11989.61186
1800	11085.96742
2000	10262.41712
2200	9516.723685
2400	8881.123477
2600	8321.712476
2800	7819.696634
3000	7374.083446
3200	6951.423974
3400	6578.770979
3600	6245.941777
3800	5911.457164
4000	5613.549476
4200	5345.15728
4400	5077.109266
4600	4818.570903
4800	4586.372458
4999	4362.335026
